

SQL> CREATE TABLE books(ISBN INT NOT NULL,book_name varchar(100) NOT NULL,book_status CHAR(1) not nu
ll,book_type INT NOT NULL, book_edition INT NOT NULL,book_publisher INT NOT NULL, PRIMARY KEY ( ISBN
 ));

Table created.

SQL> SELECT * FROM books
  2  
SQL> select * from books;

no rows selected

SQL> CREATE TABLE book_type(book_type_id INT NOT NULL,book_type_name varchar(100), PRIMARY KEY ( boo
k_type_id));

Table created.

SQL> CREATE TABLE author(author_id INT NOT NULL,author_fname varchar(100) NOT NULL,author_email varc
har2(100), PRIMARY KEY(author_id));

Table created.

SQL> CREATE TABLE publisher(publisher_id INT NOT NULL,publisher_name varchar(100) not null,PRIMARY K
EY(publisher_id));

Table created.

SQL> CREATE TABLE book_author(book_id int not null,author_id int not null);

Table created.



SQL> select * from tab;

TNAME                          TABTYPE CLUSTERID
------------------------------ ------- ---------
AUTHOR                         TABLE
BIN$LpuCDC3bTzOXG9iRkFMryQ==$0 TABLE
BOOKS                          TABLE
BOOK_AUTHOR                    TABLE
BOOK_TYPE                      TABLE
CUST                           TABLE
CUSTOMER                       TABLE
FACULTY                        TABLE
ORDERSSS                       TABLE
PERSON                         TABLE
PERSONS                        TABLE
PERSONSS                       TABLE
PERSONSSSS                     TABLE
PUBLISHER                      TABLE
SELSEMAN                       TABLE
SELSEPEOPLE                    TABLE
STUDENT                        TABLE
STUDENTS                       TABLE

18 rows selected.


SQL> select * from tab;

TNAME                          TABTYPE CLUSTERID
------------------------------ ------- ---------
AUTHOR                         TABLE
BIN$LpuCDC3bTzOXG9iRkFMryQ==$0 TABLE
BOOKS                          TABLE
BOOK_AUTHOR                    TABLE
BOOK_TYPE                      TABLE
CUST                           TABLE
CUSTOMER                       TABLE
FACULTY                        TABLE
ORDERSSS                       TABLE
PERSON                         TABLE
PERSONS                        TABLE
PERSONSS                       TABLE
PERSONSSSS                     TABLE
PUBLISHER                      TABLE
SELSEMAN                       TABLE
SELSEPEOPLE                    TABLE
STUDENT                        TABLE
STUDENTS                       TABLE

18 rows selected.

SQL> ed
Wrote file afiedt.buf


  1* CREATE TABLE Address (address_id INT NOT NULL ,postcode INT NOT NULL ,PRIMARY KEY (address_id )
SQL> /

Table created.


  1* ALTER TABLE Books ADD FOREIGN KEY (book_type) REFERENCES Book_Type (book_type_id)
SQL> /

Table altered.

SQL> select * from books
  2  ;

      ISBN book_name             book_status         book_type  book_addition     book_publisher    
---------- -------------------- ----------------------------- --------- --------- ------------- -----------     
         
	1 pl/sql              available             database    6th               2012 
	2 dos                 available             os	        4th               2004 
         
SQL> create view view_cust1 as
  2  select book_name,addition from books;

View created.

SQL> select * from view_cust1;

book_name              book_addition                                                                         
-------------------- --------------------                                                           
pl/sql                  6th                                                                        
dos                     5ht                                                                        

SQL> create view view_cust2 as
  2  select ISBN,book_name from customer_info;

View created.

SQL> select * from view_cust2;

      ISBN book_name                                                                                   
---------- --------------------                                                                     
         1 pl/sql                                                                                  
         2 dos                                                                                
                                                                                      

SQL> insert into view_cust2 values(3,'SE');

1 row created.

SQL> select * from view_cust2;

      ISBN book_name                                                                                     
---------- --------------------                                                                     
        1 pl/sql                                                                                  
        2 dos  
	3 SE                                                                               

SQL>  update view_cust2 set book_name='sp' where c_id=2;

1 row updated.

SQL> select * from view_cust2;

      ISBN book_name                                                                                     
---------- --------------------                                                                     
        1 pl/sql                                                                                  
        2 sp  
	3 SE                                                                                        
